fixed acidity,volatile acidity,citric acid,residual sugar,chlorides,free sulfur dioxide,total sulfur dioxide,density,pH,sulphates,alcohol,quality
9.370861069626262,1.0774263996276432,0.18513292883861965,8.026685884475162,0.04663879572302684,51,183,0.9981298511233464,3.7898837264734864,0.43612898052470006,10.569103639203037,4
14.556428757689245,0.8505349128817685,0.5419009473783581,7.448137225631099,0.044577031870079976,47,171,1.0040947726694025,3.7178563056550296,1.4962910623072263,11.792115250534618,3
12.587945476302647,0.5333386628008588,0.8729458358764083,0.8718099541933175,0.13687564127294513,47,160,0.9933072554020995,3.4101483804563233,0.5201428813802752,12.356667556067823,6
11.38792635777333,1.2393130275897282,0.7322248864095612,5.448093500579267,0.044936467978930854,4,20,1.0008858886554615,3.636239810133833,1.012970235307749,10.201768442043203,8
7.4041677639819286,1.0586236415754309,0.8065611478614497,6.012836472394928,0.04807296165800834,7,66,0.9992587353127308,3.412897055518809,0.7936494856951073,8.883362446463101,7
7.403950683025824,0.3276637150828478,0.6587833667107174,6.282930323005057,0.11631575673851491,45,127,1.0010911234474695,3.7696060824747772,0.4516637068868005,9.239486097330685,3
6.522752509513795,1.3752980582913794,0.6922765645178525,8.912499353796319,0.07296357794307559,35,26,0.993220017959588,3.3027758332329,0.33341268909289606,9.879598859483663,7
13.795585311974417,1.2515521400924365,0.8491956515653193,8.237236927539737,0.11873947797372535,48,51,0.9999749177435665,3.8702353444148767,1.0472787387514,11.816410522113355,4
11.41003510568888,1.4297198786086938,0.24966800885918594,9.314623845504947,0.019151262059013935,9,139,0.997470605895853,3.8323227582288775,1.2681090765469514,10.389683294534326,4
12.37265320016441,1.116007311743704,0.4894249636431405,11.59080729236086,0.07825996711427378,8,43,1.0011423746235946,3.6416026194517856,1.310418793808093,8.04088818740077,3
6.185260448662222,0.9587812743101057,0.22120944181960223,12.288293211383355,0.014705904025659567,52,67,0.9949056696622772,3.179415884176072,0.8792561676923214,11.140443110404831,7
14.72918866945795,0.6855402508068663,0.987668007996647,10.91278460528417,0.018771448483749634,45,91,1.0033508553819788,3.031653588793258,1.2329465606188625,13.529080351444508,4
13.491983767203795,1.4058198766956185,0.9440593396866133,14.355093591346552,0.13690124346821753,17,195,0.9912645197191703,3.7547034500931975,1.1074165601862536,12.872465666052074,6
7.911051996104486,1.3124894453005718,0.0394268113685059,0.7643724488072436,0.02949435195646332,17,83,1.0021078397818677,3.0653022861379613,1.1691054329989599,12.951268227557787,5
7.636424704863906,0.16330613814866518,0.7055751725156885,3.3387807924114186,0.08453889551853039,49,51,1.0029197943872263,3.7542607889973354,0.8911188062661768,12.770348105636787,5
7.650640588680904,0.13691376429615282,0.9252483174156658,0.6096616871830607,0.06755338436409891,33,146,1.0022587846705022,3.3907650067123605,1.0600940882905525,9.942384953662541,4
8.738180186635839,0.6270487136292694,0.18057534512733353,9.888383355241743,0.05862806567623797,32,8,0.9976908959139266,3.3065567838081042,1.2666310962912684,12.591163002526352,7
10.722807884690141,1.234774663094566,0.5679452305526295,13.52144295977481,0.13597666839621814,8,11,0.9965757747004613,3.803190778834429,0.7774610106684277,8.858968146867158,8
9.887505167779041,1.4821865810409223,0.9154882975880418,4.03049330035634,0.013055275548568529,19,98,1.004943934297873,3.503850982540278,1.2671746810411004,11.946296883655721,4
8.621062261782377,0.31058364754493945,0.03394597858579884,13.942000899546446,0.10293055606458246,38,13,0.9934375792682124,3.476614007129718,1.0104202113468754,11.849411400109966,8
11.506676052501415,0.9317830014929891,0.6974202672468399,1.3738771591986323,0.14487522078989706,3,177,0.9982031394881407,3.4587659446243975,0.49908122924494347,8.153418794538409,8
7.255444745868377,0.6332471992834301,0.29734900737255077,14.049322388679958,0.08842354568465786,59,113,1.0000601328807348,3.2711695160195315,0.3296209886695015,12.72782080154559,7
8.629301836816964,1.4578801569404445,0.9243961953765304,5.598528964974699,0.14115514468463286,5,166,1.0005130145379213,3.6856431035291273,0.7353043204789824,13.419488630570783,8
9.297256589643226,1.2789664923899922,0.9710582451653678,1.9706020125136394,0.017316103100043327,13,80,0.9930603699860786,3.152798444015773,0.9560355939556078,9.604491670832646,6
10.104629857953324,1.273660186595593,0.9442664891134339,7.5451405082017216,0.06863106467038259,47,82,0.9998099113850969,3.8388949600412747,1.3077844226441862,12.874344345116906,7
13.066583652537123,0.7561704237129583,0.47421421665746377,4.223260231947365,0.04642209073468716,46,55,1.00227554349722,3.793985205046961,0.4529828161682954,8.494435831171689,4
7.797064039425237,0.6807473032727311,0.8620426509893134,4.630657078447881,0.11231493509730216,31,16,0.9907502786523167,3.2374803256748983,1.260247617220295,11.599807149566395,6
10.628109945722503,0.48276990070298875,0.8445493985350704,4.955704491431155,0.14738159266961454,55,100,1.0036728193998796,3.6294637698316636,1.3356108552806722,10.913881192005663,3
11.331731119758382,0.17892569531129796,0.31910047324325563,12.14387551857362,0.04591420874219469,16,161,0.9904425608271781,3.4732231944495915,0.4808249844010005,11.275541199854,5
6.41805371447998,1.3106113267570745,0.8289154741506773,8.31783851179119,0.10158444420637042,50,75,0.9953395654873258,3.2376493019992347,1.3219131831650628,13.557231211306071,4
11.467903667112946,1.2380614127821086,0.03700763471549262,5.013961637762053,0.037733668586363615,32,174,0.9902371979434944,3.8885216479954465,1.4897442814113504,13.227891483481121,4
7.534717113185623,1.4996047426005827,0.596269878482053,9.349839858008316,0.08914623564002537,22,21,0.9911571775280937,2.925237345848264,1.172206597257885,12.710501943438542,4
6.585464336867515,1.4952915719034676,0.23000883728770305,10.884184776236307,0.07495054813636706,29,73,1.0036675242777011,3.1526460306212867,1.2417236181899856,9.642190746070225,6
14.539969835279999,0.8776043878436783,0.12056688577727881,4.453048010636239,0.14608074614841518,22,104,0.9953229124611922,3.4200740611111504,1.493298321070648,13.47091177211655,3
14.690688297671034,1.1765823812527147,0.07695320162920916,6.496461972117597,0.0951938181775053,43,53,0.9963715729563758,3.421953003478564,1.0265775006311344,8.585046154783251,7
13.275576133048151,1.4226720218353992,0.6962887758781398,2.2673483533857395,0.05893089209215463,3,189,0.9932301657207383,3.488933074945564,0.6694636584194993,13.119975299352728,3
8.741523922560337,1.289506346948376,0.33987496376806614,3.1266655682528643,0.02597340988431067,54,69,0.9989564365528008,3.651676172022919,1.3050370008912668,9.968960434121646,6
6.879049026057455,0.44628734244047674,0.7247667715287615,10.37620888249225,0.031174556022890834,10,192,0.9989220482201667,3.523477830519296,1.0373829330139575,8.3226338699719,4
12.158097238609411,0.7307617894341308,0.06535634079894237,3.1308560415865907,0.04154437019317291,42,95,0.9955830058773782,3.500281460528037,0.9974345084651479,12.01614190544449,5
9.961372443656412,0.28082318121209293,0.31529033783061033,8.114869063172373,0.04513533258764172,21,195,0.994995523077081,2.953514462913043,0.6043626666168459,9.387679569895733,4
7.09834411360301,1.4356714381622113,0.5394912923753372,10.781170794975274,0.1290862480977593,16,81,1.0032744646227088,3.2765302877892983,1.207601123499464,9.46142675518779,7
10.456592191001432,0.948644488231232,0.7907231648389635,2.0497153848737857,0.08857119035955348,12,144,0.995749263594633,3.1320557397011557,0.3980007310321155,9.83628299737263,8
6.309496690036966,0.42009992770484783,0.3187525029320699,8.7260271846191,0.0832747275924113,2,106,0.997402514882316,3.1653701116019755,1.4091444849535935,8.3821086050151,5
14.18388361870904,1.0403809581681993,0.6258913764370091,4.220160363669775,0.026067642061690446,41,94,0.9942495714363739,3.4543374743403445,0.6909881529245816,9.062762865189525,4
8.329019834400153,0.9653795366410541,0.8859777482361871,14.462439690944906,0.1304195570689209,24,23,1.0018015425503568,3.0995053149296083,0.45332958334798856,8.030837765513361,5
11.962700559185837,0.6014278052459766,0.6158631881823046,7.511411877438909,0.1111940024491877,35,24,0.9959617223534863,3.1939491010168974,0.8308398397229024,10.672457126634722,8
8.805399684804698,0.2589806290794806,0.23295947475363377,12.186891971739792,0.019473570666000223,56,60,0.9977041656981648,3.13708470851734,0.35096389110783976,8.505532264507828,3
10.680612190600296,1.0402024738299194,0.02440078155653802,8.478284861265795,0.1090969136121676,30,107,0.9938003575508949,3.8485029432181945,1.1215514331179595,12.095915630265194,6
10.920392514089517,0.8284307812653106,0.8700988739009299,1.1294817263948778,0.08609535042797044,57,123,1.0048148938851187,3.8446657321710953,1.3832466125344274,9.41373710714989,4
7.6636900997297435,1.181245748429895,0.021269410850387138,9.680694946113324,0.021441548404548955,30,159,0.9943724361138558,3.5099415585960516,1.3047156085662106,13.661444864211063,7
14.726261649881026,0.8282289015567906,0.8747016726841994,14.295348461996527,0.07416208981401189,47,139,1.0015611379635831,3.8245224687319,0.4528433681374573,13.227509764391915,3
12.976195410250032,1.2930541004459561,0.528937134027212,9.223371392121802,0.07785748019820657,35,9,0.9964124347553514,3.6858126454683733,0.4515253645292782,9.73664536980925,4
14.455490474077703,0.8726695742842797,0.9390676985128962,12.378238461688458,0.033208435622858606,19,113,0.9930932610762621,3.4899478828018085,1.2761213787891168,12.699292727940072,3
14.053446153848839,0.8853131601495408,0.7987832357736654,13.320993718551913,0.1423977405800395,50,120,1.0019957814594729,2.9064352114967957,1.4091051295237391,12.819469427988837,7
11.381099809299766,1.327315043721683,0.9979341105333375,3.807156693259521,0.12899655200729265,8,34,0.9950041018354356,3.672516286079404,0.8528037958001868,13.919378684686462,4
14.296868115208051,0.6648760126973557,0.35071181545171015,3.5746501786692866,0.10366312722607515,26,64,1.002977900210967,3.6024883415884688,0.898765340296519,11.58703992107411,8
6.796432518467276,0.287621319830897,0.7671882889311269,9.35922433833938,0.074721378540085,49,130,1.0037288577737673,3.515253653282414,0.6819144496628711,8.491794407861974,8
7.763845761772307,0.14029574683867457,0.40193091360924216,6.459912812197218,0.06764717582183119,40,103,1.002897357530869,3.6604243116824717,1.3731181419076968,11.881023373558286,7
6.407045600194842,1.1571921579430666,0.47987562030390885,12.677988891567445,0.10113628540113356,7,22,0.990525118722102,3.4129221647747654,1.073883486350827,11.749878490256211,5
8.927972976869379,0.9684333718948505,0.6275054632183701,13.550335289271162,0.08636046171696675,30,112,1.0018106001750764,3.604083271321339,0.6459018926008422,11.83010346452259,7
9.498095607205338,1.0857116753389129,0.8736771141863388,5.624609999889413,0.018718234823463985,7,48,0.9961700919974871,3.835172086726493,0.6585394452651019,9.842873888625268,5
8.442141285965063,0.39814982611247496,0.9840834691992951,3.93462310512999,0.08175037082784642,3,85,1.0031058438027334,3.2758050158460863,1.3694400876763229,13.158077510481998,4
13.458637582367365,0.29092006582147767,0.7682734138645182,11.817619971035997,0.12289650641259751,1,199,0.999569313940271,3.608121834900625,0.31636082868698573,13.756833097732471,5
9.210779940242304,0.12036253193503471,0.41776678216733376,4.484687515447973,0.07429358286357411,36,167,1.0025046470121592,3.3756878180109586,0.6872718872719661,9.306275077868909,4
8.528410587186427,0.5908225823292358,0.4213570022770702,12.427907618448337,0.017273920857597578,25,13,0.9974914765480025,3.5743996518139816,0.9652280174596428,8.528912948819867,4
10.884264748424236,0.9258847615964862,0.7375823015888915,6.644204677907061,0.12007894791376461,37,146,0.998025382568984,3.6628933355543642,0.47786095451918953,9.167210199010905,6
7.268318024772864,0.6491416631396252,0.23877714576830233,10.179473539726322,0.038190929499036415,1,111,0.992165814482005,2.945452500435796,0.4105185050395077,12.923312835534313,4
13.219772826786357,0.7124648908332206,0.11047411313139466,1.8852620506026887,0.046206916884325426,15,13,1.0017598103803402,3.5466004439486616,1.278331597308672,12.059867808919085,5
6.670955793117938,1.3658221722912478,0.35462215764077654,9.545960207810309,0.03305888948052142,37,101,0.9962908441750046,3.1267411844069444,1.3732852663782087,11.81628405403476,6
14.881982429404655,0.5875576538326205,0.28723899165408173,7.050631341689822,0.056230109082009656,13,99,0.9975012017740736,3.570032537807567,1.2883277049578272,10.410758810656546,6
12.950202923669917,0.819585284823735,0.2963081204559901,9.005822716044374,0.11594521079640889,40,70,1.0017764657114356,3.3683301859338135,1.3785454676848172,11.466967829068615,4
7.788441133807551,1.1971142178376004,0.23360775104990994,2.9362060123005196,0.08271402033055121,8,176,0.9989826810011915,3.6735527418648872,0.9637343652700459,9.847244751646205,7
6.049699054112422,0.6551598952497781,0.04209318963636188,11.18466930169064,0.03868337838109975,5,44,0.99301648091164,3.0234008152055964,1.2747097451884102,10.863200476507767,7
13.339152856093508,0.9709213803190229,0.01787393473341381,13.010557624376814,0.1328962109412857,9,86,0.9988534898872633,3.5263223516561952,0.7608511660693205,12.758378170223935,8
12.361716094628555,1.3073091922454432,0.9877223897360315,3.6427271013162468,0.1331414596932141,1,192,0.9961144928696948,3.178470728927552,1.0995214337748462,13.887449584732773,6
12.561064512368887,1.429328873120699,0.42777313373586234,1.887861055042345,0.13188097950644095,36,89,0.9970428831306579,3.7529819953305914,1.4866026376669974,13.594933541538811,4
12.941433120173512,0.30590287330065313,0.3843266471596817,0.8427594976718777,0.0434314695934155,35,93,0.99042466911604,3.8283835056363076,0.5708732686069529,13.603195657077492,7
6.666401865606813,1.3972226752260921,0.6796472826930698,9.808586756427356,0.07317350818533833,2,91,0.9931504402427442,3.8963982936790553,0.7678796955492967,10.413342409082674,4
9.226191556898453,0.7889628103113534,0.21825388786506417,9.302863523287321,0.1478985518597225,40,98,0.9942155712207154,3.6960074024272833,0.8760568527721027,10.812739283040745,4
7.042821535726167,0.4615421436185416,0.9499611839502253,8.427112484354016,0.11808174668339863,23,91,1.000694400117882,3.6537340704280044,0.46561858442406207,12.233812378213889,6
13.767930832880342,0.7427900587335657,0.786345014415552,3.8632328936816434,0.013803438971578375,9,49,0.9901723870994718,3.115500758867551,0.3972463325580681,13.533151568307705,8
11.609683141448022,1.4720456053996678,0.08941100231225951,6.168136940629963,0.019128642776468887,34,142,0.9961316589184369,3.2360070589901087,1.2956674395859493,8.851965556112507,6
8.978082223673843,0.7896653315900174,0.41758077578492836,9.119906860199508,0.07495039275372657,46,170,1.0038604030563858,3.3656825417622795,1.4721532473931034,9.825451182963175,3
6.572025152574213,0.5602522544025115,0.8791183075621647,7.703119453457956,0.1372908288206184,14,79,0.9916782092482368,3.6733810477822497,0.7856700765955904,8.835481067564658,7
8.79884089544096,0.986761196043416,0.9447320222914103,14.822890043115866,0.08541825171337998,4,41,0.9977463658232791,3.8149658650779683,0.4051798034335839,11.672051179756732,7
8.926649898240724,0.4362038662894703,0.4674015112498697,2.47837641207263,0.07969375112480062,30,106,1.0017978357358626,3.0891391000229844,0.37897411282869176,9.837805981325225,7
12.566455605042577,0.20620865935212948,0.6134113892107077,10.57959603369011,0.024766317993928283,31,161,1.0041379696128017,3.822367484670103,1.3695818476323585,9.956647115075441,5
11.738017242196918,0.2804316106749089,0.16703394609207523,6.362622137512236,0.10194921466140115,38,175,1.0012016495930056,3.595624652354058,0.8565770996732158,8.425495756927875,4
13.98491468318694,0.27926417454088137,0.9911686261369765,6.708894416421414,0.12509444248403156,11,176,1.000808483229666,3.5107707306850386,0.6840327798748702,10.098776370845552,6
10.249934326457543,0.3126637709172121,0.2316717013834434,10.905167602043555,0.06325880105105872,35,175,1.0023973213529362,3.0998412712819396,0.8717535254872795,13.174979044409511,7
7.0763482134447155,0.2943580417091742,0.9427317741351257,10.54032419420336,0.11858565912954583,8,109,0.9966930183146631,2.9555250328091507,0.6819649136308168,9.398436871345009,3
12.419203085006956,0.9972246427245004,0.6496466489923685,14.87321190868173,0.14502673154611362,3,71,1.0020876679892674,3.46846489850794,0.8868429303691439,12.171124797260394,7
12.847065437552077,0.3546321181588028,0.6077367948788591,2.3617171970848156,0.03852730427787647,14,60,0.9901194660711817,3.5515156833288923,1.3314676763015243,11.777770069631556,8
11.051494778125466,0.5839341966534085,0.5126885110165086,2.0095899160704116,0.08326614836726377,13,181,1.003868415830652,3.110781449354688,1.0107616452745147,13.180907650214692,4
12.93870461959105,1.3555037738684166,0.2306698117177587,11.002912848366746,0.050199314131840575,45,96,0.9966495976427576,3.4564562058254564,1.1335845273722105,8.79372768590623,4
10.444160367279517,0.7635462963680212,0.17652803200550826,8.886610296592933,0.12099961866473749,32,27,0.9983007028179861,3.7564934027625734,0.7376048114812039,13.86553976207026,6
10.704595464437947,1.034580833929438,0.22048620907017535,4.475329665117185,0.09086307122336204,34,106,0.9938232337337232,3.7350659454550197,1.1862070542126224,11.495771876242193,5
9.847869165226946,0.3412478196822818,0.18643826214425452,1.6515808503403058,0.09884153845704251,45,160,1.0011379624926062,3.827355180586297,1.0999405018552468,13.972844914080886,6
6.228772140696857,0.369204626332139,0.7795844735667533,1.7420446191482428,0.12170798234622515,19,126,0.9911495370971287,3.26588580955688,0.44347439730246774,13.469088355195105,7
6.97102284293974,0.1572160627730704,0.3501252591667301,13.465767682629716,0.06543586617274368,59,98,1.0030895370382025,3.2180495725509184,0.9871714237387015,9.329103632678635,8
6.282862671180609,0.3365090883010303,0.05784267656339637,3.2820762084217723,0.13811260957698604,38,113,1.0024217524350951,3.649426005980809,0.6080921955717096,8.336972059419878,3
11.727693701374022,0.490026474644742,0.9691026301408113,5.188887650675051,0.08462404141445957,16,146,0.9932409017436714,3.331112405097005,1.2649148035603113,9.533834562772169,6
8.82920382968694,0.34781467798744553,0.8837858849634257,3.7865178322913264,0.03211367519694872,2,178,1.0021398659742788,2.9875486640277806,0.8111252501603272,11.16538189399652,5
10.577136220482325,0.22418354725987785,0.927752283195213,5.647446434563091,0.10742587654363232,40,15,1.0017953659959222,3.1828011306704997,1.4936209982357846,9.02957820239114,6
14.168098265334837,0.26889021954084114,0.9949078226464353,1.5066457198183538,0.12105658906135561,17,14,0.9994832489663091,3.3185822855314893,0.41100052552675653,9.004758467107932,4
8.243630062339875,0.7450902752458161,0.1738952492194873,8.02636696816992,0.05434663478945373,55,187,0.9956028026534953,3.192516425476252,1.2364174352881903,10.775561282630918,7
9.693446307320666,0.3888672057681095,0.39624201890265875,1.4803821720871162,0.1300050959798254,34,160,0.994072481312728,3.2322055709473214,1.1084420802505877,8.19960782701615,7
12.799960246887437,0.6099778054673056,0.7582384757040913,12.105169363424242,0.1368600556672073,42,39,0.9934767538543402,3.1937759061743907,1.2209985967088466,8.731328495193623,7
8.059183489424601,0.8047841791967996,0.6960206180537922,3.8888251877012787,0.048766628232893246,16,134,0.994779134441454,2.9414991671830792,0.6690357545885476,10.495168036447685,7
6.692819188459137,1.0665527600811113,0.15389590633985506,8.330172761765404,0.1476930061801311,38,165,1.003553376651488,3.5370947008244427,0.8904653872588806,8.378779455247798,7
8.607763076223913,0.15503699577753852,0.8158331249906178,13.261146769641144,0.029699613926826178,2,94,0.9911646116398317,3.497292420353469,1.25581022366845,10.380530338733177,7
7.45099158528604,1.2191745584726597,0.22444057183666066,9.937721851184316,0.03828219357634859,2,98,1.0024330691437944,3.5533834984786807,0.579049597945026,10.84403759569067,3
14.367278871083158,0.9790605452872708,0.22381761482262308,8.227887904994361,0.035791477493323655,26,76,0.9952333511256273,3.0923098960336275,0.5712398361463824,10.707599684438687,5
13.273083416079754,0.21446264472842066,0.5369744228934136,5.202839420172946,0.13515855940110186,13,72,0.9978239909401703,3.1956545416124853,0.9612611439539187,13.215049144418524,7
11.70063380859381,1.323010073749488,0.5929399348417032,5.32852773934387,0.10160095732549465,56,153,1.0019172845047273,3.519615926944922,0.9282762954358268,11.180374730310394,5
13.84314531168946,1.3892213607445385,0.5800862078378112,10.207560850373756,0.0312945996511182,47,122,1.0032656482053444,3.499627568459921,0.6387149644955195,10.807882774868261,8
13.23304869209203,0.18550914379680924,0.09148683739775487,14.915020737706929,0.07164527857156885,31,99,0.9951717213010897,3.4063303093542676,0.6576907806297874,10.464255472349997,7
7.679130529974323,0.4876287074060852,0.8774608626303804,10.09666825281599,0.09614172350977226,34,168,0.9969276522191266,3.2504132500101974,0.6334141958478785,12.905740269826918,6
14.0330309864098,1.228681791710286,0.26560004258870606,8.58785955186536,0.02168497189851366,39,104,0.9962177409722518,3.81293100477469,1.2258144743981851,13.370339623998998,7
10.854080177240856,1.1475635665371218,0.12951492128280417,11.094432398469069,0.1335382915770274,3,118,0.9901987655025587,3.2397702422988437,1.0822810386749526,13.119454815182706,4
13.266961396476564,0.35832942709892823,0.8887480798689772,7.245481378113913,0.12250449496181491,8,108,0.9944391433328799,3.3556191564372515,1.2989006200923032,12.041279468788346,3
14.06482169931144,0.3930890526713944,0.9556514982297534,1.3720639677113855,0.08072894830072934,23,96,0.9968878385059884,3.5781138309542087,1.470567633976826,8.824170475812046,6
8.862031274746775,0.6186609439079347,0.8621276172654506,8.653303830229692,0.14539772613628385,14,95,0.9961664041332066,3.443021430866764,0.8689971555263836,9.661219816952073,6
6.990467320749091,0.7783321792674298,0.8095160747248781,14.385566625328012,0.06848653709851395,56,22,1.0008289384127351,3.2468859763643856,0.3800326576865386,8.276378382091865,4
8.051416462877475,0.9655566801424142,0.6552419806390217,3.0418926641860646,0.1477754446651097,55,23,0.9957720542583165,3.33564479045651,0.3577107724944425,13.584944449940686,7
9.843970097636307,0.6164790953976813,0.5508573706091393,10.505070916899653,0.10350879983250777,27,178,0.99734064673456,3.6944808178535062,0.6547980471259429,11.964791178145461,3
13.362132893302437,0.747548602586407,0.08698675991141014,3.4135384855563187,0.09885397825555178,54,121,0.9964441288819854,3.1781291554866122,1.419053507222941,12.478177305879449,6
13.74657524930709,1.1464593133872591,0.4084532130706987,8.269501424859678,0.0332336853414099,29,98,1.0011093922334156,3.0422552397768152,0.9278556659650499,9.869430437493374,3
6.062569174780716,0.15135648404683705,0.372688517012314,1.9018085198774344,0.13346988616265015,39,186,1.0029445859848043,3.213163201829777,0.626143819296155,13.073921133664054,6
10.596725723198091,0.45341172208162905,0.2597537837603262,7.0303785757436845,0.06984855630888612,53,96,0.9979783361851127,3.749534215487901,0.7790001534132234,9.557619702250872,7
9.75669902833901,1.0986894202383735,0.7234201136885849,11.464368268981069,0.032712676809547106,39,87,1.0018414829129278,2.9889897148563467,1.018314128885605,8.009862542674698,8
7.998970294236573,1.353289572762079,0.4958757350787708,5.53978710146524,0.011765052796606265,1,73,0.9944518002302977,3.8916960733724517,1.0835395897654105,10.258489775124165,6
7.078788306003146,0.8163484189619326,0.08104621590764793,10.141220005064662,0.08836579570937354,17,198,0.998120544152359,3.441002898927662,0.48470341173948606,11.42456888575444,8
9.038536542632652,0.8449588793714419,0.22018320194981134,12.034024431451073,0.08383594709717468,41,119,0.9951784493050495,3.884845743967094,1.472438011854211,10.872229147793135,6
14.486187335212673,0.2500408158756865,0.6832587636595959,13.944078382452064,0.11070950713168218,30,6,0.9962130138835774,3.8389964220859776,0.9537266723793465,13.172456855459583,5
8.908826388186796,0.7263773135528364,0.07613085949030018,3.902310186904076,0.13463612742249229,53,63,1.0009862079721898,3.3528137142109165,0.46282598135073516,8.632431715737003,7
10.669115595690295,0.8456641730370323,0.8512069140487687,6.290080779234968,0.02111692185002413,13,159,1.0032249372349906,3.098491074605349,1.3723623040153605,11.322940643802355,4
12.3271706300566,0.4394587050886215,0.4951465270139743,2.710032193291053,0.11240950864765072,21,114,0.9918224308663165,3.0648847765651386,0.38956611729531454,11.077876098925444,8
9.272666421413646,0.4769405233291333,0.480586577326648,14.89101078129644,0.03623767217366151,19,153,0.9995195888473106,3.139989363869957,1.3892825198130152,9.688357893032979,4
14.746038744488645,0.6281978283464716,0.5924077846595176,13.941514034902282,0.13014478744200295,53,121,0.9987321571136669,3.610132640564537,1.495878787546779,12.933368675462063,7
14.662025654479,0.1280996768888169,0.8246809659251492,8.329378389068115,0.12466889194063184,19,92,0.991776225587639,3.172949994731488,1.1405181589878046,12.517091935293237,4
8.266040662428278,0.5509108318164496,0.34780920790219305,12.709482768458109,0.0857111256979762,57,15,0.9931784149566016,3.2414252696042984,1.2245366652887877,12.397155123990986,7
10.475236553031468,0.3960272097951625,0.6780161525590636,8.053890670444613,0.1094339918072636,25,64,0.9946650374209902,3.3487788039946147,0.7047634037609836,13.257154869617336,4
8.707904788350927,0.5584962930490804,0.5657319639957911,9.541992476040015,0.054009015845724775,22,46,0.9925039660622625,3.8132326804214562,1.4298922232807205,12.336707603729128,8
8.563564449397209,0.2676669845469517,0.2670282701694213,1.792304265682241,0.07596350585059404,31,110,0.9936559422378651,3.089393417884846,0.9356567593300411,9.391047750288358,5
6.331982526190795,1.3467381930358528,0.878629986355158,11.451421097203715,0.125029165679466,17,138,0.9940140119829256,2.905026552609803,1.1788661359170658,12.233376269898146,4
11.486079005819072,0.931029434975668,0.7974260216069281,2.351845512710905,0.07429712760424993,55,127,0.9950351074955859,2.96009641037817,1.4089292590935354,9.846216880339064,8
10.524111209059754,1.0507432468022855,0.6584518346584255,12.477980638661661,0.06009175714556185,23,198,1.0012408567920172,3.804766341680118,1.47021597117061,9.453047902084823,6
6.4633087612499045,1.2048397340502737,0.8505817290942419,11.839407271220596,0.07918974261504197,32,150,0.998578683057759,3.547516464843363,1.299845227916009,8.438021557397764,7
8.507818178129503,0.7978190785006801,0.8672942009598024,10.776798117273158,0.12595489534121057,10,27,1.0047937000792708,3.1730406193278067,0.663621008378436,12.46417148208606,3
14.174392973699883,0.22168840332239315,0.7083629767150348,1.0243255176090507,0.05692912663192218,10,103,0.9962210374045121,3.077192501011191,1.459857019862499,12.266005771698868,3
8.156057016002752,0.8519491585459669,0.837013328363672,4.895361161207265,0.03432662303900413,36,174,1.0013079761075538,3.1942667366371142,1.053743437492286,9.406996866044562,7
7.304053848821008,0.9215775652292307,0.6974714616692836,4.315132263707222,0.1096819628463093,8,73,1.0030720263206478,3.01479692725128,1.4167709716223518,12.496274100344936,5
10.405074842498067,1.1436152638580621,0.6801407717603004,5.721977908337027,0.12563694977913145,54,144,1.0001846773955705,3.841532910284441,1.1113260309772222,13.50704529856132,4
14.870854086995406,0.7043233647215511,0.6186113782151843,1.7708198280756589,0.024089246993294663,52,61,0.9961779711062624,3.6842061743652668,0.6686867542172645,8.648173744949476,5
8.178497443603504,0.27861242391378926,0.7527166395576412,14.08588843395041,0.04358237578583226,20,184,1.0013039194611861,3.3623911769125407,0.7440294289713791,9.395819830320649,3
12.049219926652906,0.4972862681182142,0.1586051052930737,8.530132490329455,0.029876078566539142,32,154,0.9930550070665902,3.764962605115202,0.9605661325235286,12.501564764523893,8
12.854576537958458,0.608315214958089,0.8808707591989284,4.930102504541342,0.058711797621503324,50,104,0.9949132824777019,3.149458204293232,1.2480178098718584,9.64704004104247,7
8.138737895931598,1.0042841378642418,0.871843527745232,6.2562319975771095,0.07304913704675776,14,81,0.9982002788264893,3.6171205684721937,0.6815790616084019,11.7479838457023,7
12.553947137506736,0.8990896265364766,0.029247283034559146,6.984436837320117,0.1148356871748629,50,31,0.9986311408092922,3.7561324990137432,0.9956773993610304,8.486985346782287,5
9.310048194473278,0.5985354162569847,0.8258167505647627,9.208617833728951,0.10116066188343437,28,120,0.9903321221320894,3.2567687116232724,0.7147499922916818,10.713214874621233,8
11.690752475342215,1.4811213483101715,0.1288698674734452,7.9773517015992175,0.09692999944698034,46,152,1.0041767128313401,3.6574644454507177,1.2789232855621286,12.434548531957718,5
11.701767396848052,0.948084747099642,0.3351188542591419,13.83118361160905,0.05933249252535162,52,114,1.0004494090682607,3.195072349264309,0.8600737125215405,12.119083658259516,4
10.821972156672826,0.4321175084303922,0.7435082562916078,7.705970502134539,0.1278026574318664,53,193,0.9974355562534784,3.198857135259031,0.39206739222346226,12.89043260405484,6
6.8126079304896745,0.24249546166856523,0.1607598960483082,14.886291214938034,0.07598020343574302,24,52,1.0039969085161244,3.007057178554186,0.49926302577784365,13.264712759619012,8
13.51772246030314,0.3140027948580648,0.8179670241190622,12.845661887303889,0.14707469132212161,15,76,0.9965864334787624,3.3400580465093985,0.3733256011435587,12.639101007552549,6
8.887020584745622,0.4443408197383114,0.8321341779577419,3.523402458181369,0.09877989936140315,22,159,1.0047065335540555,3.6297119064974224,0.8991635352171903,12.029526457633555,4
7.678666593598688,0.32495392256337796,0.5074677337608362,13.993630612336785,0.02767706381903038,30,45,0.9976842713586522,3.8402208055712848,0.4276047568178726,8.190334950896187,6
6.366976273992876,0.3611938336718281,0.00638587171683358,2.187312769339403,0.10466485869056075,4,138,0.9917142865499696,3.503796991929096,0.4369679631715585,11.209800040456663,3
11.318036488694176,0.49913323617138594,0.2870381331749128,12.353020773122278,0.055514562160437854,13,154,1.0014720145868892,3.7631355377357387,1.4292579120460525,8.226186349489117,6
12.098079256580542,0.34272303341265675,0.6169269183757422,6.0190377554104115,0.10608580753605362,59,137,1.0001834658761675,3.722494649290227,1.3471860866112666,12.848406902696135,4
6.149290460350706,1.3554715944769953,0.9811861780274235,13.230627646453508,0.0197497607427368,23,28,1.0015948008195836,3.0733430529752805,0.8425039161736392,9.924347146759745,6
10.608837524693529,0.2123272439262991,0.6318135270166684,13.08682200655803,0.03448340120463431,8,111,1.0042716304308852,3.3858174289126315,1.482966385020247,11.374576244707526,7
8.038461976781441,0.8343159453983565,0.2598035810641598,12.185918301705506,0.12980321624681007,18,89,1.0016473395397651,3.0169235355253914,0.3002238338047957,9.676671843913416,5
11.806555113685048,0.674555557785526,0.6340057030996114,11.95544132645239,0.041805137983292086,12,148,0.9991700490332497,3.582153161561635,1.0367753475280725,12.695000866281761,3
7.569297861044923,1.475330063672049,0.5399853797158555,4.917847516921592,0.1271857575340116,55,121,1.0028596335354125,3.849899668246076,1.039713812846244,13.319015159851414,7
12.218439642922194,0.25685446303527326,0.7798453951511436,1.6733296042431567,0.04909865238361746,31,114,1.0000986965903178,3.037089458078756,0.8489316670438658,10.391854965278384,7
9.480618116704836,0.6569978386640383,0.10698063882695841,6.343212592094841,0.10000346740821905,14,141,0.9961217858523888,3.633883130802541,0.7763375675211515,13.177534361065934,4
14.43056989863061,1.4572586065855164,0.761027902502028,3.0161054673043757,0.10718108029137632,34,46,1.0032842964636266,3.532238150867861,0.8464597625767292,9.602450044737994,5
7.23768849731394,1.3117099762515725,0.5412665786761103,10.576790789085695,0.0817716654403074,18,117,0.9933285069117656,3.4836050370080995,0.7979525232956166,11.207965538453143,5
9.069597159452327,1.243900899328992,0.9629920038589946,5.51844603479789,0.052743494737542376,56,152,1.0007196191236307,3.290120234688339,1.1765909729787591,13.152568579032224,8
7.021261691165302,0.46106395786291576,0.3418721660386861,14.646347912468766,0.03977021269195345,34,117,1.0032234518241112,3.2551316477538124,0.4624265219679409,9.955288055694743,3
14.322242564507064,0.33924262234609215,0.6326218931339481,9.794095121507315,0.01464650963873967,11,108,1.0009697477955493,2.9452491890188877,0.5371670647093562,13.724253590468514,4
13.896054180428829,1.0361005078942034,0.9320281055100175,12.425968172698234,0.05255249617370133,41,51,1.0004591312858078,3.1179087082520134,0.5166218740709083,8.731277010688302,3
8.3214746494364,1.4011263847786202,0.10250972799067926,2.4216077547568022,0.10144279067437961,12,161,1.0012895744110775,2.915176882286827,0.6149647021455174,8.109650418341037,8
11.939856414307611,0.8794680502195016,0.9372284872364511,12.999209992953027,0.14136267458278756,49,73,0.9969758287245096,3.4814171055820204,0.9303101025378999,13.424812115469145,6
13.354999801810942,0.9002577652578597,0.6878857223008134,13.879979262444218,0.13196862751682728,15,127,1.0031125602323554,3.005853235877909,0.43345049680586245,8.411891996887233,7
10.996807304395162,0.4919707311243978,0.0678370591051719,7.562397822874571,0.11724906871494234,57,20,0.9930515471270414,3.773019394029716,1.341803154391805,13.95133517568495,3
10.76685520520406,1.1772901064687116,0.30096356694681625,9.290667597389174,0.1203826280554618,31,170,0.9919107962400051,3.4231430206971654,0.6568338375701668,13.708381171874636,7
8.176670618104065,0.36186124798053276,0.7081720886452816,11.589742113093434,0.10309788648663933,49,134,0.9942826317017777,3.5996899090587084,0.49504558496244944,8.822125460217924,4
6.837924910253093,0.5531509309659411,0.0673506014687717,3.035160095275982,0.04644016005924042,58,116,0.9979736609516249,3.3108570918404965,1.110745571517892,11.225507754155394,6
14.074941821579941,0.6956110140629834,0.5821704601762733,7.787208108719915,0.13700730429881616,29,29,0.99765842693114,3.4605798090010484,0.3457035607191831,9.109521784802865,4
14.103762514469974,0.810654530158237,0.34588305695295674,6.28061390269854,0.10390252366681675,26,32,1.0023089813651487,3.8426591769666305,1.043962277848997,10.568931038180718,6
11.69791311545941,0.43937362538111235,0.6209155177674771,2.622422886352612,0.08846168833726158,18,45,0.9960685298460602,2.982734039623671,1.1378381168117997,8.368550775558996,6
9.051268119438307,0.26077155463488494,0.04574203381251285,5.829249123227206,0.025538525689887348,32,196,0.9972651663943726,3.153937771923696,0.5578998376640629,9.343547526779536,7
9.142886171513947,0.9548680594182856,0.8715368061523763,1.4884984860896568,0.07258777613289955,22,194,0.990200515248891,3.6799883269105442,0.35035688813236116,10.179636778393398,4
12.533601109832155,0.5040827745363581,0.9734889691773969,0.8742726507675613,0.07445015796826968,38,169,0.996146088546644,2.998737206882666,0.7363744307033395,10.631885001476329,4
14.073992339573193,0.9137335099916571,0.9688778552856915,2.45991119274493,0.13103890533317378,17,29,0.9997166134942551,2.9756611039041108,0.41831307629032377,13.864977549253359,3
13.983777818386056,0.3161078013838832,0.7496518317429247,14.46516911804302,0.08653075082629037,23,29,0.9902326249593989,3.2615413987540385,0.4397734196080045,12.847193874103887,4
13.018879912718614,0.7735961425967444,0.13008624013063197,8.468178270477747,0.06325607685585734,24,9,0.9942132294777937,2.9921679584724323,0.6051134777338374,12.424459665871677,3
11.77828481538859,0.8456252055722201,0.7582631959290226,14.50442133672169,0.1467520459914923,50,72,0.9931193453893408,3.485078442206203,0.6545615095521111,11.222247888451847,5
6.757259684955439,0.17255295155139766,0.02458691645880151,6.771219235786914,0.025500883065684193,8,39,0.9906297814336438,3.1262752508165996,0.9359644092257047,13.03998656362606,5
7.454658426851524,0.5712459894714887,0.022123551528997254,5.021333929736263,0.06915677996367224,41,190,0.997188901348718,3.7956979631993724,1.1140702626036156,10.035937013934266,5
14.086987696743714,0.2881805477145639,0.32361021914954125,7.83905701118354,0.01588345452399674,6,182,0.9927258493984223,3.6835000808452567,1.0113251290442218,12.253394676639896,8
11.45786153693631,0.18872495866187483,0.48864319040466575,6.872919485177197,0.11358657690737023,5,186,1.0011462230944705,3.5997052060994763,0.47803240474742015,13.962703852269033,4
6.082773464549667,1.4859443253459232,0.7704074178077932,2.032137921795287,0.13853071730788108,44,121,1.0027189182564502,3.516944027384502,0.5065032389431517,9.887773453611192,8
6.913243885794289,0.5512953829646121,0.6832953766065052,9.79198156300799,0.04920522613706852,57,28,0.9981837777400372,3.7634657303414634,1.3545230997514974,12.044105209303805,4
11.971515921972502,1.2338242241964887,0.44590270637674834,3.6325536463891943,0.1301678347518769,29,114,1.004725610137817,3.1230620615427567,0.9700227780769364,13.065889184914294,3
6.045554254615968,0.4564969166692694,0.2736266662816659,9.484025346018528,0.05091055226466568,28,74,0.9967571785720589,3.7731088427642274,1.343925399477227,13.494845500104034,8
7.447272462757487,1.054103811113501,0.9971245001577111,9.927915839773224,0.13750782263014813,11,100,0.9977005231533737,3.689492298424052,0.7458558135838492,12.30759614564061,8
10.938604104299275,1.164319003845561,0.42618130223597295,2.7043603703653973,0.11555466650354973,57,186,1.0048382663093662,3.6481608263876852,1.0372800089175886,9.701647540502817,8
12.227056779234239,0.9338942368509819,0.4513870243296755,1.3895695931046883,0.1226869487578014,1,67,0.9934732265394757,3.4612556780749237,0.9283960992655329,9.957692909413678,6
11.867651335523405,0.7602066639702216,0.16362382119166918,11.821042997992377,0.01252091778406363,43,174,1.0041381890951535,3.1462441609706,0.6829481877845551,8.124548192743784,3
8.018423785145039,0.6765772798061759,0.7948095487499294,7.1671061446551425,0.14479344999036362,19,62,0.9906425633267867,3.323547915991896,0.8638984464403143,12.565315866029058,5
12.409612992127823,0.5884155731601934,0.6936822257814886,1.343375034829399,0.11173393888984524,9,193,0.9966958033539479,3.6935706545388016,0.9029890521923185,8.256437636371707,3
8.135241787471202,1.4013408019469562,0.2207696127887604,14.925561598961623,0.052665153354058664,27,59,0.991050052681996,2.9317784843573245,0.5409251697080143,13.187914127616473,6
8.92859728343341,1.2628671709028207,0.0823810456158427,1.3378181344473163,0.12611525308023855,34,75,1.0009385211437045,3.6820507692637583,0.6780124468520778,8.711963686847232,4
12.718422646062217,1.4510376749331175,0.6804993020747131,10.578010818449021,0.04941296777809019,44,106,0.9991261340382002,3.1400707404875665,1.2496917006083708,9.031259072815546,3
11.846696091424931,0.2740161128797626,0.6545112142811352,14.763344416319498,0.1321855375392579,4,62,1.0005995139520139,3.044309200721603,1.3989458873449525,10.859158824993424,8
13.6430106944476,1.123214465285102,0.2732595269982093,3.9681115111309215,0.02576125465767118,36,143,0.9956172059995202,3.015701318180302,0.7317529122543593,12.427282491012454,5
11.91851603070309,1.4136766395494529,0.9508635622504104,2.5626158459643444,0.10851603684451139,18,173,0.9955422290104706,2.927250011950815,0.6683667386508219,8.834013231194467,5
11.114777430019245,0.35372629263192423,0.15105789178090023,2.260081621625219,0.08569778673028744,15,140,0.9906797891844134,3.4235864852214526,0.5342365974862591,10.64042645039899,4
6.8430729104528325,0.19309477431348848,0.4323348010426019,4.897489639730136,0.023514825827361713,51,108,0.9952491740929446,3.1182598726937294,1.1141894023806975,10.89710764646063,3
9.309442227534902,1.1375689090060828,0.9436159201675989,1.965164259654377,0.04386513595623746,13,171,1.0039393260339309,3.8894317657796313,0.6877196419996048,9.273713850011548,6
8.386821309135529,0.9042623584518766,0.4197273169261223,10.536339454564912,0.01173656507882407,19,90,0.9956883980577067,3.4744367558722056,1.4852994469190262,8.69335026008379,4
8.195906790411751,1.278560287461581,0.6385259476640855,1.403231072885909,0.0756275151650308,49,66,1.0024705155933296,3.0378852693560106,0.6908217624767439,13.018525537913838,3
14.75709499277201,0.2956813272768053,0.3975943979627943,7.886620858171951,0.05217713650640005,6,8,1.002634882571249,3.5887625408113655,0.7729632561391537,11.014793898576594,7
9.537879522000843,1.2133742366038462,0.27421520234867003,14.952104380868164,0.09377004780168623,48,133,0.9955986173456884,3.797743566509725,1.0240010354544418,8.086287415904918,5
14.02841899659402,0.3822782480668423,0.9839776479598282,12.302568907837273,0.0516132930792064,56,184,0.9994798302059428,3.6451794953696144,1.2620211518295659,12.817887807854623,6
11.680247633975366,0.32911832001198627,0.409334006315043,9.420681854349658,0.05198867561097786,12,91,0.9914305740340958,2.976439861039448,0.8634223984147604,13.884762832487509,8
13.153301731874835,0.32997211710339014,0.8940992036791344,4.940677501405869,0.11404704782242446,51,52,0.9915551787110142,3.7958841811926596,0.80718724054675,11.635557172485484,6
10.523733837946729,1.240404608323935,0.22995460589108618,9.546489626228757,0.016739997036969483,37,81,0.9907298649549257,3.6939293858599647,1.49476540031377,11.022250322504425,8
11.192134961637233,1.0312761089746803,0.2131047040250833,8.14210122671895,0.1364052993268782,17,43,0.9987152264006266,3.0583039001056145,0.31259236936793333,13.270495178269769,6
10.432659244369775,0.8322915946767669,0.03113408288451136,6.678209066410386,0.1293169424147654,58,169,0.9963910646643914,2.9517858887328168,1.374078346621495,13.71510073810759,5
7.757186890182401,0.6023626777729034,0.651666825375885,2.3953004627328927,0.1034926556516969,23,174,0.9982204853499635,3.4573105753143083,0.4789689911276849,12.527221495414764,8
12.502069037353548,1.3280807571383515,0.36852634372376114,13.355761120986768,0.09305101981503379,26,146,0.9978160978576257,3.056035811339977,1.243110331450696,10.672717578405727,3
8.526951261967703,0.6494231503916895,0.864358249839637,7.021877407909177,0.1349223497395513,29,92,0.9952530448663609,3.734590952595272,1.0415178718155575,11.553328395988643,8
6.218843697883084,1.2432392152602079,0.47320990669155716,3.3220264214010933,0.03594622513402002,33,63,1.000162101222352,3.2583346566716735,0.7102167425977104,12.205612190107995,4
11.80925066316451,0.7147888719983058,0.9681934279147217,5.8325105877207,0.021055682706716004,27,55,1.0013775282137458,3.8128924447365753,1.348649946625222,9.165641426010808,3
7.59399611466344,0.6277222011948705,0.18552551570312115,6.504881411669442,0.043531423787335335,25,35,0.9902194238831651,3.4656881721410056,0.31548867357719035,10.683206193298627,4
14.464127259176228,0.7477516999374489,0.8686231679556108,12.499299485719677,0.12124095901802662,56,195,0.9931086344965332,3.082672384239668,0.5720287824899084,12.97892758830371,6
14.585357193023286,0.5219290238297989,0.7765968527917417,11.13740851814033,0.014853837341707664,55,106,1.00069853802125,3.0395988673598,0.9802713554994431,11.928352090990657,3
14.233779511984036,1.1466531322467517,0.770921844644052,11.654920957799428,0.09159295691168853,10,30,0.9957993025895074,3.476472437557754,0.7218507120596376,10.467224403271125,6
9.331428302298999,0.8038085461294707,0.8447832281168877,0.6599533342153846,0.14936125226678337,47,117,0.999937259204124,3.661883611862444,1.0324529943819931,11.980175204088088,7
6.139109548759807,0.4250977732055442,0.7610239909429989,6.534232973606542,0.12979745313725552,23,160,0.9952044398960184,3.681505647742182,0.3289322320904002,8.70933447243476,6
14.354867063289529,1.3594044025843959,0.6262203216314154,7.479490198712193,0.08300239646610251,21,184,0.9958613272849445,3.1757574044412813,0.439750716578055,10.408985663389258,6
9.853657334855829,0.6374477099224959,0.13124487768238757,0.778288013934322,0.01890972730012993,21,190,0.9923801831053453,3.1042467589121676,0.45251548826212706,12.758771227778338,4
14.699893371393026,0.8609740055595839,0.032526179491251916,4.267291526802996,0.12639229201399937,43,131,0.9938734652949923,2.9167563044923823,0.5271403750992113,9.323052722819888,8
14.672579793803276,1.3690609553503656,0.9208478478156868,11.524202435270958,0.09385699114480946,13,128,0.9990811763626137,3.5791991512011694,0.8511977289606514,9.115769045344507,7
13.677085099206241,0.9739331942795889,0.616650314520738,2.4880907330704862,0.026090619588339352,37,52,0.9964974466697274,2.976568258433539,1.2025544394522854,13.704911959498588,6
8.650040028626272,0.2636572569917097,0.7965372909761763,8.261996906062578,0.023140019875269868,33,123,1.0016145402441687,3.320761201765926,1.3866466055146813,9.259385777517384,6
9.465879557417328,1.4157649730588653,0.4815223515125501,3.620427144249944,0.13734775472112293,24,44,1.002788774324075,3.501682164018296,1.3024470363410954,9.565511477901008,7
13.660230043651712,0.9787912742999849,0.11730818896239448,0.6757512323364525,0.10368803681133097,44,21,0.9981246962732513,3.837108944919677,0.5362654461308203,13.817695633426027,7
8.8522980464065,0.5688678605199206,0.12518579220255044,3.9974211351933513,0.12610015190434576,11,27,1.0013740093808408,3.2118021369557685,0.8293806626767588,12.408251421590155,3
7.525434720174832,0.29498090172874214,0.6855652872289714,14.65016944619578,0.1330570460395174,17,59,0.9946035676979185,3.14977216244652,0.539293917310242,12.19757919814117,4
11.011211362125152,1.2116352649784143,0.4303058948994627,12.122288122303349,0.0900481292867651,4,154,0.9962245682310011,3.554160154286098,0.6173661800006289,13.117558303127488,7
14.425392967447028,0.9681018582999189,0.20052472670033672,14.413861342654984,0.08244248924570577,47,21,1.0006916651432525,3.519239032053582,0.9042563778142634,8.694938493420766,7
12.264268170074757,0.84684552876685,0.4915945467414369,7.573883636932256,0.07025983744493862,25,64,0.9957931798922555,3.2321097833081245,0.381730829668227,12.235737419480042,5
11.130550530804285,1.3514496162713407,0.06420893707513409,2.091174880823801,0.054372522290756696,30,36,0.9988275740273848,3.8281018355097864,0.5618091955119278,11.022131655969433,8
6.874588443936917,1.204036095714343,0.5819714019143988,8.445412590118547,0.07084343452021964,9,175,0.9927805916862377,3.7448623274896327,1.4224537935685406,12.97490384170484,7
11.535065040292528,0.31234483162585164,0.26899340443509767,7.088471351119432,0.11834315180222188,21,37,0.9989965697245574,3.123982545865081,0.8593395511901867,11.048850311991167,4
14.91048465093837,0.5364108949137675,0.7975591006371882,12.74317769972443,0.0942692803421184,20,192,1.0029227056084034,3.139142545434523,0.8344638311734467,11.721448125613474,8
7.260756137128716,0.447884795740252,0.31036195892357377,1.9221974213715465,0.13495326059367843,19,167,1.0030295945973513,3.4123003468870805,0.31748058570153465,10.866452758397216,8
10.66496687127363,1.1415248096017478,0.4552201490818012,7.579496486815784,0.07207320201308627,19,14,1.000865166094943,3.6735721017307204,0.5968796964700149,10.868953541335065,6
13.8963576473516,0.14694540863009115,0.011620539908100636,2.6757056380627717,0.09499254102062554,12,144,1.001186300686142,2.9440403793884644,1.3395509231786176,12.607819868370989,6
12.66691755978784,0.8978455588198431,0.07244688779455888,5.207800939905869,0.09838305743287841,37,15,0.9983689116772605,3.5933351537347065,0.4975541139104025,11.7713984038837,6
12.273141668957411,1.1674421600369667,0.3924935564066848,11.191677622123095,0.09283760272288556,42,22,0.9987700213524873,3.5482358973820967,0.7981499274416652,11.799579209656462,6
12.322356755883984,1.3274718914664492,0.4799388347171235,7.402262875847114,0.10836872823197227,17,73,0.9920047587211578,3.131480095912988,0.3171970870404015,10.701694902989155,5
9.235420360977797,0.5789144482022704,0.6000205481193037,5.950380134613655,0.043240685572472876,37,53,0.9966578878263195,3.5813530132413485,0.874002578004667,11.186656978025166,7
8.64232659838044,1.249760226540818,0.29166257870930323,6.219906039265512,0.08173092885641067,54,185,0.9967616442582954,3.8401831912520823,0.3252253280714606,12.474305997228724,6
13.284250399306622,0.25488443173729014,0.6949818861265425,7.161978141886806,0.024591472393168674,48,116,1.0043774675350159,2.9467858449717683,1.2835314636789599,12.95564551467151,3
13.291020552112627,1.2850332084283256,0.8601223971892046,11.882739885637324,0.06383158587027375,39,158,0.9964663029393492,3.2196520552920624,1.2898245209845243,12.179368412864278,6
13.803650867220934,0.27848412726477534,0.7798509888933498,13.435227989633399,0.07827338960697701,28,128,0.9982401396735413,3.3381767166663554,1.2452906259628438,13.544437933074098,7
14.219164973008242,0.6562022067845141,0.039618825348357145,14.35235295430696,0.10131139633636613,41,154,0.9979987709891864,3.7992603589246894,0.6400368826693419,12.921944528883206,6
10.60208158974844,1.216213512091375,0.48050694725782894,11.910099100701778,0.14307434736206848,35,106,0.9995514257556648,3.8622614466091565,1.3046846618661816,11.371182738857112,5
10.513646652184796,0.3098843982882833,0.10493017841817487,5.073399988346185,0.0940911493167698,47,107,1.0012234924699783,3.344115246496332,0.9515977591263232,12.028436435862421,4
13.184656610700976,0.420951953325698,0.24204501586252747,10.47795323825486,0.11410314826471836,48,70,0.9933756281425631,3.6500284121421913,0.7485697306404029,13.557849661527175,4
11.849675376999887,1.111153595750293,0.9866625932671464,6.845245298803183,0.08087724832932837,18,196,0.9979308662864764,3.431661023764483,1.0503959516450796,11.715008265458351,7
12.317701895319331,1.1080511511645041,0.14249554290151323,4.192724019667742,0.09877456439268636,14,56,1.0023887656097403,3.437782934741376,0.3148092552724488,12.948841687878984,4
13.16213402492491,0.9976066860394162,0.49888815345135606,12.692637901675878,0.01993051025872828,35,41,0.9969467207075626,3.1780995150663562,0.47155305312090257,12.132863021539922,4
14.010048076358096,1.07152782225394,0.6181557343181191,1.0571820599537125,0.04561482131785858,44,86,0.9941768631956036,3.1169562458638795,1.1907522458043154,11.311618166362798,3
9.041956411663822,0.8598142206866346,0.702464970544104,13.575548885963642,0.060659433048719416,41,132,0.9998206361303444,3.188005345924041,0.5929939304593836,9.451029172492118,7
9.380246573759496,0.4525186824697338,0.5596486834869141,7.191423237058645,0.07614906970091188,7,93,1.0023565109369867,3.4563280072570794,1.0176109407944995,10.555985116810568,7
6.845837458567821,0.5839743909054872,0.00977084741918366,9.739421413720066,0.016390824370333724,41,199,0.9909471043939109,2.929155186022089,0.7621231233876355,13.806456949002294,4
11.204521268965566,0.35423680352199594,0.3264613082439919,10.06063187198385,0.029603373657464474,13,109,1.0016518572511084,3.807248944356406,1.3257669345591137,11.9465922996356,4
6.323480464170679,1.3718307858670797,0.5177116433847114,13.479207240244778,0.04875400309078281,18,20,1.0023247189944264,3.056283709549776,1.4428983671959723,11.386372282033937,4
10.19038216319214,0.9167485126725686,0.08786649914483335,9.731710391424507,0.1460145767261471,37,101,0.996922843913829,3.1200886768713865,1.3602776740442284,13.597739753169364,8
10.88380171236819,0.6611919834690958,0.35062693120918076,9.402036979020895,0.056388580994427104,13,172,1.004749584852277,3.4182761764476464,0.624743993632316,11.519070686224692,5
8.57887126915456,0.7468081251017857,0.033203108791366565,1.4664545881300044,0.07748574813569155,36,128,1.0018006251106095,3.6101147663372792,0.5329954428552988,11.156495110504418,6
11.317499345121096,1.4261966754565414,0.07857849715502074,8.01691631820546,0.03745367978337501,31,6,1.001604938473435,2.9957290547443973,0.8693218723448819,12.555865130901232,5
6.274502249451444,0.31469196436251223,0.39692327620159606,2.677450511847104,0.09550920995060755,2,156,1.001217578616181,3.217694697547162,0.3088009810034163,12.275993713919267,7
6.3361336987429295,0.9207217648235161,0.13271575404306035,11.192789646461542,0.0492956501722364,16,127,0.9922591215482741,3.8686746055743573,0.33097127143581806,9.158960050450597,3
13.403405045936925,0.8082441504382523,0.5675408482615582,7.92721785178378,0.03897896098137975,9,172,0.9932584632967951,3.1623429667809457,0.9639487675476,10.827849647444726,6
9.241715772701365,0.9560359296085069,0.6894649691372657,10.363302798521122,0.08232016798243706,9,131,0.9969598519719663,3.213050145063147,0.9245392849983431,10.835092656917512,3
7.143544613866963,0.1253542573491767,0.8005866991090829,1.104257058734572,0.010770811882458915,38,62,0.993960065249392,3.7364984906180334,1.493498386842312,10.26934709146007,8
10.700189340493239,1.320973472521812,0.2001502442448101,1.7294842326641466,0.011072964570891545,11,86,0.9962286145850106,2.9502144316904553,0.5422102024365096,11.103760892913519,7
12.929941977887498,1.4049655954770575,0.16748258225906976,10.886689126908893,0.040669633274260084,54,167,1.0033269616488436,3.3646131688089707,0.6097247149925621,10.478644386362866,8
7.9423892474715885,0.8911864570248924,0.10456784033440025,1.545222871980764,0.01514099075011496,56,174,1.002364903378189,3.2796167644516703,0.436248770791544,9.196072936827099,7
11.606014282371003,1.0753111534276492,0.6364302495436367,1.5332225525962497,0.025123605578296793,22,78,0.9994505981771996,3.216586759908651,1.4010516115844935,10.474198923648085,3
6.768127184943912,1.3914991336482139,0.7064757264869012,0.675572890905868,0.05744049090742522,33,146,1.0028718059137665,3.1856995940447645,1.2333734933501408,8.43366168543906,3
6.465135490517469,1.090134088038758,0.03158614482564204,14.369270275342462,0.12236199514117378,36,75,1.0017565858352586,2.9913741048604092,1.2868069337482169,11.45471517664647,3
10.782191684113332,0.3135546600799659,0.9362122462436898,11.193871212155601,0.0900868100717021,45,11,0.9964347739776133,3.214825829351649,1.3833165455574106,13.12192729364667,7
10.86571609449096,0.9068037042335384,0.05197128365147241,5.62214542327993,0.08177348163389829,23,89,0.9930159772807492,2.9430524027156686,0.9298799840710059,12.35172250612733,4
11.73686911348386,0.9494010649359982,0.5412963353010705,4.799765928671,0.051088435249137025,45,57,0.99771301560014,3.6809638636444353,0.8414318297408683,10.162364240324667,3
12.534822003503955,0.6937829398233404,0.7090605194509164,5.570696831314819,0.1404455207205943,45,8,1.001043433237928,3.2982277939580116,0.6964697683987398,8.52242723346385,8
14.782668715162812,1.131021929874612,0.8709691237460856,11.732476202127136,0.06558210577320682,34,86,0.9965462939809439,3.3439038323199117,1.0070575372174266,9.212896395351624,6
10.646703134710759,1.4081138206766208,0.7140869321324278,10.089873860521008,0.022192987351408008,9,68,1.0000015786467584,3.7935945864501317,0.845134076147787,11.272942042969014,7
8.906608256471213,1.3957959180694868,0.8017280830697918,3.185335734078285,0.09638931225649217,24,54,0.9914149113943657,3.5580549838612208,0.8418787039266902,9.242342500298196,8
13.156675752918332,0.7311751199657849,0.33945019254280606,3.024585362344223,0.025937375086724196,8,81,1.001220071045571,2.9080591033421195,1.4243134364773666,11.263838667709805,5
8.437490261358668,0.25853326417705735,0.8148251137465122,1.926736920844261,0.05833123999223689,7,117,1.0021907042983957,3.8431748229612848,1.480837817134956,9.389594148583393,5
9.950742786350725,1.4787776785472684,0.08011484638467514,10.074389435669403,0.08103767142049323,36,180,1.000602567836708,3.1371444659777112,1.2557812671954969,13.093543216856437,6
6.706107432080394,1.2744573210243078,0.8948166560605276,11.58340360221517,0.13239115345592462,18,114,1.0045089538128953,3.0076141847598588,1.208109708296314,10.383628837042759,4
6.228156690739118,0.2745277536845736,0.5475923761537362,4.343173210712559,0.0790965212476166,3,188,1.0023997808619096,3.668128178380882,1.1166697941349217,9.473303755666947,3
14.663835732101326,1.3891786356643212,0.8172977699624937,0.8037019349482357,0.10831622724443297,28,197,1.003546405918148,3.400477315866718,0.49928982280021644,12.87395708148237,7
13.523821084609853,1.3178549068869796,0.45231828451830014,1.6914891784081965,0.14899435745986986,6,70,1.0040035662518647,3.3337705660180177,0.3709269850507854,10.057033788832705,8
12.263767854843282,0.8263732799765009,0.643577695196525,14.533970505252942,0.028408476785717424,44,86,1.002020219878107,3.1495030796827415,1.1288715781359158,8.668926127032691,3
9.680576499728428,0.9277856100429008,0.5264026609361132,4.783949273422594,0.04846241357273273,44,20,1.0001138826300975,3.4474714898623184,1.1745434667078911,11.42245694842185,8
7.559648880637612,0.6586037854181823,0.7315895217553319,11.653735643652938,0.06524065058367048,21,105,0.9900857787204118,3.1743846052025875,0.35636758931776774,11.489385226627933,7
7.407933384039774,0.17666629435084386,0.08162998203058958,9.557621748386826,0.06905594499543638,28,37,0.9969873862983468,3.8015830052870676,1.4136621002746177,12.288174051414405,5
8.252186083481359,0.5692761383042613,0.0603520839905638,6.038124774966991,0.0675429505371764,40,101,0.9985674344793354,3.1152044797331926,0.40936876733361305,9.441316599250314,3
10.943039982355085,1.223994828037216,0.24710323401014644,3.482465301835549,0.13706554035791768,54,133,0.99456045408672,3.7843551504557533,0.6430806405254428,10.662628034553471,6
12.431363304300561,0.106484832206444,0.15954468011318834,2.2601030633113934,0.10996457022535988,54,151,0.994771566703552,3.4594054257273568,1.1068677753584453,9.694207514255938,4
11.94177639045958,0.5668988403676019,0.8717835665922017,9.417688036563566,0.0951067299726985,1,118,1.0044173912356524,3.728488133895241,0.5038471132853716,8.485722416694129,6
8.519405072513486,0.6574361710273205,0.21921398735804432,11.732189819247926,0.05331218050078949,36,88,1.003375662978041,3.6128459958609547,0.3664990661306933,13.25968296209535,4
14.593787525968747,0.852353844113092,0.9758652558191313,9.836611676346395,0.12533065379098124,21,48,1.0027376850825254,3.5966951114367482,0.6973757869969797,12.373218826930046,8
12.641072250261917,1.3877978629778647,0.33689579177110685,8.189380932112796,0.14370847160789846,43,121,0.9960901770255917,3.2243458076950557,1.2191658898262148,9.808778356752804,3
10.989186472602606,0.5848843921123458,0.18211791568869928,1.1082927397587259,0.1249677595570317,35,168,0.9902054782561337,3.1338969314722034,0.7964144147823125,11.596237957231917,3
11.505486716109171,0.5857344826547187,0.7896985071424791,14.543087275118564,0.010219114726806207,13,83,0.9912033336968357,3.110886227680788,1.0835675062895271,9.207582728806834,4
9.77640056185011,1.1325017473536478,0.6587077755008761,12.081355778991332,0.09909619182567697,57,63,0.994682945523264,3.7571916570595887,0.9955429166737639,13.341419730774625,5
8.229578905510417,0.7331051172457299,0.498195716453139,4.745919532163989,0.0171589534018941,49,38,0.9902361436949352,3.72042682025902,0.3266621784306965,8.689438060171462,7
9.203754107861354,0.4144467521159747,0.5553635509376312,14.709569775703335,0.04606501084672106,54,19,0.990257246728728,3.3405735280123072,1.486247984454848,8.023022873046806,6
12.820614994179323,0.7334153225857707,0.7192017782722638,9.22728304972667,0.018333458048688037,54,167,1.0037490495246362,3.0324046134964546,0.3497137065832653,11.012049186435092,8
6.129541397667802,0.2971998285317198,0.22845474133129873,8.945128544005074,0.09453136341291427,10,194,1.0005923775317858,3.282252251977458,1.461363285178182,11.498766940717216,6
7.044653764562247,0.34694178110871265,0.9963339160567419,11.347061101728215,0.10612258788896493,53,137,0.9946343398510222,3.5193434541369113,0.9598370140372778,11.473791921774826,6
6.414023778195775,0.7977148818352716,0.9747931621467831,12.270661927306994,0.026028269329226715,44,64,0.9919896686640143,3.354403154479953,1.4557908324780797,8.327071564626959,8
6.366559220870731,0.686495629306367,0.6503256863469369,10.018939806306788,0.06373744362629712,47,162,0.9976745357684261,3.680189268482995,0.43770431929660253,9.884262841510594,8
13.699145256099065,1.38078426149534,0.19954245092914513,2.3573883223099004,0.07387311125377587,53,88,0.9900801924128154,3.8976228222513853,0.8884902230226157,10.99519368104799,3
12.332920734420213,0.6073514587632863,0.6802282424312913,5.4048788369202265,0.06166742304652832,10,139,1.004076206157872,3.0911320884488966,0.5034049102392704,9.299475113763446,6
10.267564461785927,0.9128236903892608,0.07219840897917584,13.957212784727721,0.026943500067927027,46,126,0.9962222267908342,3.3596508196595725,0.3611698524269309,13.235755312915378,7
6.880507445859013,0.9851700030873425,0.030652502205806065,3.7569263717358528,0.06865269062624654,13,182,0.99603502432856,3.330983901920822,1.0410349380747739,8.522655736768604,7
10.424542876051492,0.11833223922366709,0.2576828885112137,5.8964218456439434,0.11516492669317852,37,173,0.9958589041137267,3.204492532748951,0.5493401051540296,10.924306650032257,4
10.261245937025091,1.0289523208233948,0.4626229567393163,6.765114802690842,0.019941073034655765,38,88,0.9910399249558165,3.0980955167202895,1.0052364219450551,12.148496345078913,8
7.558816829190137,0.349250353617652,0.8682725054083805,6.8713723505695565,0.021225201971466483,24,198,0.9995748335968774,2.965692116489659,0.4348373783387828,9.570506600806894,3
9.904664843141758,1.4454984444572372,0.727169069766308,9.38762394617062,0.05966798085703779,2,32,1.0009950542944253,3.7871193172236985,0.6983837657192433,11.745444421985109,7
9.58654260957636,0.30812781885435814,0.742706521199981,14.17459964729826,0.1418415996266495,22,85,1.0001418809638243,3.3198486976863175,1.2379590696638965,12.976310900854248,5
11.542650882469948,0.6804737732178332,0.42549333444807536,3.9900443215713217,0.10360017054120796,17,139,0.9920765323999409,3.396895518500049,0.8244618262106251,9.142021850570286,3
11.715842857808795,0.2194895353101014,0.3459349925469629,2.261769956363312,0.10501379393415906,36,18,0.9986826025205339,3.8169420482009158,1.0532944978768035,13.503323550949176,3
6.4077360879484,1.4956239525843262,0.3710387629846027,3.363322102969091,0.06066879871730109,14,69,0.9985422672625838,3.6762904775159475,1.0769495288946551,11.321351195974149,7
9.371513531638241,0.8030730144637396,0.9876495637360578,13.360411053034408,0.09311251076919537,10,195,1.0030261618191207,3.0305012641171842,1.3125060527847523,9.795392025806363,5
11.632739241428126,0.9335390242480612,0.04010919141248248,9.864256783500487,0.011418365763884074,35,152,0.9956869148756347,3.465419967607742,0.6899073532879696,10.585149652293625,4
10.52822632722079,0.19390706834379848,0.8670314961224486,4.645648443967822,0.0990534464973359,25,85,0.9955722891548915,3.342252276519559,1.124754675099021,9.873151302718327,7
13.7084085706949,1.1499446585588489,0.5786754085723934,12.33123061504495,0.13786017266067313,3,128,0.9992779058807727,3.697211072578763,1.4539389684553987,12.350666959599897,5
11.928242684570506,0.39386783033382,0.43861541918959046,12.989864947269822,0.09576028556827468,47,48,0.9994960898024926,3.6242325476119492,1.1762920012294416,12.777803980490793,3
7.466409843732867,1.3572760052169992,0.7252576604151365,12.774457911009032,0.1323178030852883,38,94,0.9970392784098868,3.590405721911072,0.8878445720612933,12.997624353911966,5
6.635118726603869,0.38719549667481,0.48666894142470285,13.82443473777354,0.11135622776525311,17,153,0.9966458904349562,3.2405448354798967,1.056860933390315,13.914609497514448,3
11.78177350385684,0.36696280892913313,0.8734232380816606,4.157494792513743,0.026878178296516633,12,100,0.9974122150595682,3.704963730399254,1.1876194773157298,12.747705754980101,7
6.238601794874596,0.15116953498733282,0.9007018640112585,11.448107966821036,0.13634346302001785,54,177,1.0029156794925496,2.952391295594861,1.0347309188326468,11.60830442413138,8
11.27198023146117,0.7608937231539988,0.4217209268734554,7.17782271047503,0.019302138209808483,52,156,0.9969175035188086,3.059624901432167,0.320010976187807,10.035321790350704,7
14.462072172824618,0.8907775865676629,0.2768277972350516,12.708979016905893,0.08475544615668691,24,7,1.0040989768795472,3.2356232729779117,0.533728197224671,11.267572692264496,6
11.17926760088291,0.19199209519969332,0.5923503285933622,11.063114818843392,0.029899197331084072,29,125,0.9975600564539449,2.976807441069281,1.2725618606585591,8.246409036742433,6
9.493529335858696,1.185738663373015,0.912363345616691,11.758487974246007,0.011638925502326569,43,27,1.0042380103977133,3.1349942775346915,0.6271807767749815,12.468950453179477,6
11.78959396598118,0.7346043686472385,0.21066218900566658,10.014346646375536,0.06908479641786945,25,120,1.002492478528036,3.730150982997918,1.1778745434733606,10.67573327055261,7
10.12427601442365,0.8341463770586119,0.6229665835634828,3.0727171573107497,0.05130569907158187,36,62,0.9954364698392374,3.8482515377900794,0.7465442582900383,8.120139378393127,4
10.910551103843414,0.7170678457135193,0.6315602200925206,8.402890324005606,0.0780400691316644,58,77,1.0029546213194491,3.2046023557741905,0.9262611937895318,8.375041649062466,7
14.473183278988726,0.6610682852254564,0.733113022415281,14.777711223105369,0.0908079841428371,26,12,0.9916509492630167,3.164515803988838,0.3815679597832844,10.32479878293054,8
9.474923740206968,0.8834964638315049,0.1315676851272598,14.092126964208225,0.01612347012325263,38,189,1.0038757076301452,3.179892652246427,0.5174706732596515,11.500529114110611,5
14.650715074415228,0.3173363443029975,0.7158249646820886,1.1260191690566692,0.02722046131732439,1,124,0.9994746527262433,3.1777190873508436,1.4486363562230815,10.78522369371276,7
14.148155777604574,0.35469938269337953,0.909032520665641,2.8898148280768385,0.08820993550305954,20,119,0.9908158612278346,2.935930182185973,1.3681656641362967,11.715225903752929,7
7.7621202131036675,1.3064998694189243,0.17968310887024197,2.4100672150911477,0.05804342944417215,55,21,0.9996638508547621,3.826916346331108,1.0827301330788601,10.881765552748135,3
6.624251707876489,1.4245616469870859,0.23754332492387764,11.026708694786784,0.11208428825692271,28,88,1.0046137148121712,3.113698141570328,0.8515735168628848,11.97022307288808,3
6.907002012396839,0.6226330427916541,0.9713950940416396,12.357887282925704,0.10132083080287153,16,184,0.9910470098192194,3.320004074081405,1.1109135514742685,9.314756388024804,3
6.163996430863947,0.4790425424009752,0.18097695270948977,3.5959148115047426,0.12838461081858696,47,77,0.9983203156467012,2.9096868827409677,1.0423323469127268,8.677059123101728,7
6.849986646803355,1.001599360534622,0.8543850933695791,7.834864047801521,0.10694899573369153,17,129,1.0012169152463906,3.757955090915057,0.9822627067255345,11.57860372775396,4
12.147060960747211,0.6722278395373349,0.4922778564480348,12.6901939061624,0.07019035083462073,40,118,1.002153878800493,3.631157344454917,0.37101248623625016,10.908137101617845,5
6.640697836142061,0.13554089792448282,0.24723107440317704,11.125622399110634,0.10421532713522053,28,17,0.9962074119798119,3.846756035173703,1.0593631327938082,8.161205924269613,5
8.870780672643852,0.3186136363126665,0.8707499012725114,8.3624394796318,0.048553364395758594,58,131,0.9930624983875236,3.681615479196399,1.222704053485402,10.282891312958215,8
13.60387779872509,1.1023611203863566,0.4453052550026655,9.060041511652207,0.05288388982894977,12,58,0.9906351341815858,3.213706512052065,1.4928979855746907,8.636753512945972,4
6.209447421622433,1.022493518674212,0.5148173539296902,7.871227930286059,0.12045792238891105,27,80,0.9986958923564583,3.1478733587284236,0.3132942631131716,11.188140990516171,4
13.330216343300421,0.13793438950487688,0.3592333693997657,4.814452544122898,0.0724987322962215,54,138,0.9967936660540141,3.5977163075532927,1.1762081439728118,10.374666077962583,5
8.5366929729606,0.41076102670612924,0.5929508514349274,8.692818896455734,0.12177324767256933,53,32,1.0042311659272456,3.2641127750104992,0.9861471791231766,11.678911466618107,6
7.063483448594907,0.4235047152232999,0.16352387258502277,10.488836879726314,0.12513913231355897,42,145,0.9909090736157237,3.4662150157526166,0.820862611297148,12.83361331262143,3
12.270634488277356,1.0406498410382197,0.3910815366517607,13.163182279981712,0.13005872727257972,59,150,1.00028093015169,2.9062574710264704,0.45308420948564504,9.798012103048945,3
11.660485621018957,0.12759475285610983,0.9694123223352875,9.726224632699097,0.13832893301776902,47,139,0.9903744933318008,2.961885701680475,0.7909021783618515,13.772612624990165,5
13.897248121743477,0.2457520147784034,0.25813343270112754,11.53626228712579,0.07033793087186146,30,102,0.9925715126506581,3.435367941181651,0.7252526195833624,11.213807003525446,4
12.615639394234972,1.2198825195224652,0.6567366645412922,2.8210387068413083,0.054641354564959436,41,10,0.9968036849988424,3.466071646448165,0.6633958667744906,11.709744792528728,8
13.231328373463636,0.34996252687606705,0.3251900642246949,7.192583379086954,0.09150782452317592,34,62,0.996823086642043,3.6514529444593435,1.1770555479866491,12.084034239354423,6
8.538311153141759,1.0138445509926246,0.7734731256866006,0.6353084874928527,0.06196413928126786,37,161,1.0002855081440045,3.0319653196239615,1.1408706255411165,12.00038917914554,5
7.596955894017505,0.43345589346541713,0.13087366071834983,4.076843535563533,0.0941503833520326,6,83,1.0036531955230164,3.4131830837567785,1.0068241091770938,11.065824458270372,3
12.755532764767725,0.23921794986308323,0.9698210450785447,11.03369486913857,0.10878202077013543,7,74,0.9995854823837237,3.0944476444316886,1.4263977759520468,10.572585746688102,7
13.261512653405376,0.4404410673992357,0.45378954138363925,14.88124429456577,0.10637670258889914,32,123,1.0043030264677726,2.9931961195626946,0.7198252610170253,8.322691785064267,4
14.91454627800606,1.1111737045979229,0.23605046334646396,1.9380824440146307,0.062437404182816986,32,125,1.00322423459817,3.3104957940605546,0.5925623252522154,8.132515071807079,7
9.71355909220284,1.2979750553488,0.07349674733001266,6.32166757998868,0.033360428237825396,53,64,0.9987674969329617,3.063336648089057,1.0870839757180795,10.147767167196587,8
9.348162772135048,1.2623078103937881,0.16975790508754074,12.101029046137812,0.07027410738470904,25,38,1.0025068792637823,3.1217819781923186,0.5385768731248834,10.001965343802155,5
12.98771664667797,0.6560569414658367,0.5197739485560177,3.458516702119033,0.02996318017146722,33,67,0.9996386641548545,3.2175545798695016,0.6780126086201095,10.32617092903404,3
9.067231862277161,1.0353191911989046,0.3370031764312863,8.54873176488315,0.13461358492573317,55,55,0.9911783674638559,3.1593884007431963,0.5695229280898617,8.83020920532914,6
14.376815930432082,0.38697801358214934,0.8288833658826095,11.129533792430285,0.058422844503300035,58,117,1.0011084708488927,2.987591297405946,0.38298428126220146,12.429009623221063,7
13.725714766587107,0.5104068223654186,0.43088752366180594,9.431789028772595,0.031624364611265325,7,24,0.9914236266190102,2.9899162448597023,1.292998489962808,13.141786488657434,6
9.860946246375164,1.3548701459295678,0.2487142725876299,3.226358651923534,0.013562686386805124,52,128,0.9989112417085456,3.093249415234168,0.6054486515059934,13.63228781224421,8
12.757839610123476,0.11820269291503045,0.61714498660403,5.653076245943222,0.10041513408010778,57,199,1.0005396030878733,2.9505591879595388,0.8676330040116247,10.954173821117756,3
12.790885866762142,0.2197119431962553,0.7067772168854458,11.86498087503826,0.09916632444366404,12,52,0.9909979141231628,3.526457019676927,0.3519783279051743,12.205194194752572,7
6.928114819523394,0.3910407572044382,0.16704190790094986,8.536284454914242,0.05768458332138083,16,172,0.993461919808898,3.1873267165089016,1.1392073595031718,13.133306740615236,8
14.1229761601161,0.1371450854233476,0.16761921628831766,0.5758293963722347,0.02003966443867114,16,38,1.0037350834839247,3.1797459677690707,0.696673202767549,10.509746666560915,6
10.547271352030714,0.3540096091257162,0.03667142693354297,11.534366020407361,0.06734804528533248,43,146,0.9992447173834934,3.231998294237765,1.193684073395052,9.856476769222667,6
13.438117194969674,0.916258185357569,0.7364020150656405,1.0120146466334665,0.0535704493088751,53,89,0.9936942902821579,3.5627962742097217,0.7948836725614393,13.62034733512094,7
8.880446409275507,0.6899943708294971,0.6638045276218051,11.313139849602866,0.1047968895629013,36,187,1.00036019656722,3.7706338814834903,0.5349067276867495,11.094059306462439,3
14.059709056465804,1.3497403955077647,0.4746308757498139,3.4359681223959426,0.09480909492337664,13,140,0.9989516462994252,3.6590869325556383,0.915810098738443,10.983523319545268,6
9.502815108607468,1.2444209864338174,0.8441704489691971,14.392065461731013,0.0610431219476556,7,84,0.9975236354987692,3.627529230225095,0.4566054715649277,9.070496579380976,5
6.0975388633226855,0.5785442923770263,0.8056701529500532,5.835140893880225,0.04050495759569861,36,19,1.0046428046248213,3.3843911856008493,0.8286469918475936,8.64893008744014,8
14.148437787773373,0.4631928068038095,0.5853543643967521,5.240508436902147,0.14832503526178287,47,152,1.0002518066611126,3.5938055569674114,0.6807665729045838,13.05264117490107,7
6.821580091075202,0.6315693714341736,0.8682712805132586,2.658876729820448,0.07356022696745607,51,133,0.9956316166450186,3.452762368033583,1.3943515010395597,11.684799057125108,4
8.873822738313734,0.9264129195207308,0.20584121003676825,4.931261124608116,0.10635839300923318,9,59,1.002001101481153,3.1162505281865287,0.3731144660648639,9.954947504116692,4
14.550557703457244,0.4752890971520267,0.11191961939772788,13.211436046508908,0.029677415460970503,32,153,1.0032687493938177,3.1085883677410506,1.1328208969268905,9.150417304341598,3
14.555464322438006,0.9738084709887875,0.2697496115169896,14.946847895595086,0.07798255795231568,11,34,0.9918783083927525,3.1963920068752834,0.5193013991849231,11.332983681017788,5
11.160940993109575,0.6731763130677365,0.05708685608931485,5.840488192349301,0.013855140781725167,8,29,0.9930082946676789,3.8108026709698133,0.6828540891986878,11.503515735566811,6
11.686534909528193,0.8728660531927722,0.531169528001032,7.0048541488408675,0.08076371650746297,33,87,0.9932434051369167,3.447414840379726,0.7986168756744791,9.24196160747035,4
10.036009697804879,0.7105771407894433,0.9366056922949615,10.970028603939687,0.14496243699647832,23,68,1.000368177140798,3.633905377001869,1.3896181072499691,13.108434487348845,3
8.638896945282582,0.5122520633586847,0.03934354066850965,13.349838816743581,0.06378893981801202,25,110,0.9990455933257992,3.2465587598165477,0.5910939192885902,8.505586196935106,8
8.957980908329244,1.4278346297470195,0.1221099140100268,9.09914284570837,0.015459441760487622,56,62,0.9992848734704788,3.307715770665225,0.40957056305360423,10.13655851099853,5
12.052666104693346,1.169048111823665,0.4521990282834353,6.1771226235785255,0.014333810728708093,8,141,1.0041115994953425,3.0255655786372513,0.6824275247886282,12.082306482575133,5
12.771370764939121,0.29615844607303354,0.9338750175279049,6.4830166923050445,0.06431814639256173,45,67,1.0016386729921094,3.0712949578216704,0.42561116464264004,9.644722182915205,3
13.124211393532637,1.3158551662570779,0.3161561049767505,10.5864631242037,0.032403491104847165,22,162,0.9919190538676768,3.7273565548261454,0.45431578315266297,12.966051168687631,3
13.106563285150985,0.782403677549319,0.5072348086883924,0.5466648222620409,0.013269293485946028,59,22,0.9952126062363776,3.484838631688882,0.9886207175700319,12.439206959602421,6
6.820854927438213,1.352373117651728,0.0415728590503921,9.48404539316769,0.11586990595302474,4,71,0.9965309046926359,3.237532465883819,0.373082319719392,12.734137067288806,3
10.449782742323233,1.2197973583262414,0.14834320096208886,5.6546486513996825,0.07419322124346468,40,11,0.995939423831214,3.702851208995546,0.33711705767227923,8.714639215260298,6
6.518028840149799,0.6952989062569268,0.9866301229588469,12.015861303517722,0.05049426807617163,3,63,1.000039629137428,3.146519905637983,1.1572969217645972,8.843282767973257,6
10.94575994091362,0.13145703164816436,0.9651186964360455,1.8483642774354163,0.1360116456223073,29,74,1.0033783965488483,3.876032698600204,0.7339765138092533,9.718842426467502,7
9.973774512360393,0.47614830313892453,0.004939980934409616,9.028932870751662,0.026259454428073585,41,161,0.9945907719528417,3.2448176077461697,0.4504504190806479,11.108462991185366,5
13.989337644824698,0.8582879005252136,0.951811785423239,7.474106903348794,0.14382863605374469,29,67,0.9982781570463177,3.2373109541512273,0.6043353250316499,12.488096460196415,8
9.158235112968708,0.9868695077566061,0.6391199378155004,9.813720125625798,0.053955340432829395,34,174,1.0018411413287036,3.211911905536705,1.0705038088228789,13.019185344565422,5
7.053603147848452,0.4610427596064832,0.8679182945200221,1.440377120003041,0.13437651412321536,34,87,0.9962432708826802,3.022111515924288,0.6306438805690213,12.226011895743083,5
7.286925138475523,0.2950985037019538,0.4547398556338591,8.909764917707903,0.0944120027071246,28,174,0.9925217719259894,3.011137147332012,0.8934253501444895,13.571581289183829,7
12.85359568545725,1.2689023315190189,0.5155960285792502,8.641526525413093,0.12573903036380824,13,182,0.9971242644789562,3.548105034534123,0.4460343680720067,12.432461057695582,6
11.56396256984635,1.478163052984973,0.4888465802569202,8.629571369034478,0.147761842849465,15,182,0.9908283378111454,3.775118044558047,1.0057123651265363,9.837607322027688,6
6.910104085105112,0.8359662552237601,0.6668642575461043,9.250571165648594,0.0503767612946244,23,76,1.004135751810034,3.690520510271673,0.6792932206119169,9.590487706031436,3
6.756961255034977,0.3403510001876249,0.1396512547563129,10.308785089782253,0.14455896795706302,44,136,0.9911223180779246,3.041107594021351,1.0523621214344598,12.17715470180654,7
12.30872218313208,0.48123025712711653,0.029973589872677953,12.172340495371161,0.06452746528633885,26,15,0.9965768507287586,3.445582121792066,1.2700738587648275,9.157223412137686,3
6.654867057277742,0.12574694716645343,0.3079299415911909,4.412400441859107,0.06397166666316911,4,103,0.9979482189163278,3.00559154597664,1.0339757032679908,8.556288864861619,7
13.396740533613206,1.3800183291846986,0.7046807627366467,12.4632164476109,0.057654194595630794,26,94,1.0047795574843092,2.945294643613077,0.6548970751140248,11.193337249137164,3
12.356180044408465,0.2648515160461976,0.20185345212294836,7.724707392820077,0.08579706502866191,40,40,0.9924903273546429,3.556385859384767,0.6068924418579604,12.929849418673733,4
6.732139025777098,0.9071230657199549,0.6734324333249173,1.617345047447802,0.03158030604498819,9,7,0.9917164727791854,3.4351523336803504,0.6929051504801376,8.608279054819182,5
6.7635394267667275,0.4836773089620884,0.9699120461072704,1.3489884740376983,0.08751960795012155,55,129,0.9901305922059381,2.9820236852114705,0.49754461588380583,12.751347942774375,5
14.87975620651058,0.8758492035221107,0.09390071578941839,5.346455621092882,0.08583867373740055,5,29,0.9923335715530395,2.9349392464059885,0.5174062210200241,12.869432026109289,8
9.368437161805083,1.01198854369261,0.6726021182251263,11.88100616811628,0.11666625376468179,56,79,0.9931090946860149,3.8897564134093345,1.2488293222802014,10.89364400048926,6
9.335779323602019,1.2616385251900823,0.44375021930457115,10.761373553743278,0.12671099467126196,32,171,0.9994587141237463,2.930021332149072,0.761679091808934,8.34386186006292,8
13.315196105317522,0.38898978046484445,0.8681422543775054,11.934916987749894,0.07166178904373936,20,27,0.993295601855871,3.3445282530501594,0.823194216684703,9.047539107483118,4
14.525237196454729,0.11539416012187267,0.1771497894473859,8.000401318403336,0.052326654909209125,50,159,0.9903078122209399,3.4046190246076957,1.0128593586801733,12.244557650971593,8
14.874009574405838,0.2916398820963302,0.6926259522261645,6.882885470354613,0.046306885624393224,11,176,1.0023992751825372,3.017280147800445,1.007584194181857,12.270667669945697,5
12.780403667330475,1.3600260985873471,0.8381152896481102,2.638061637241117,0.03724733713868207,15,188,0.9954839355150594,3.0690617784397163,0.38085224582631083,13.390131651005992,6
9.386336269778242,1.3234461085875213,0.9446142194740232,5.258794927335018,0.018070661507863482,32,44,0.995305450298711,3.2518050064103523,1.2978489436051988,11.496116879327497,4
6.751506450288019,0.9363783430384316,0.6832480282896458,6.793280809521192,0.05794271703685987,28,162,0.9945371854375189,3.6616758762136623,0.5127918638687273,8.744644206282665,5
12.994322243346932,0.9407236046071147,0.4971747640084273,1.7847062303544499,0.047834676898309655,22,25,1.0046305991571962,3.407082424060267,1.1676859632596026,8.728489433029832,3
11.025638247622245,1.0310513443647575,0.6178472402012138,3.6988733143125634,0.14529843402129702,41,46,0.9925517312596392,3.5379018745529613,1.2272051857537998,12.326794144140942,7
9.817998083222786,0.3455197900728294,0.8689049844787182,9.174266763924212,0.08807923567500614,17,187,1.0034735709592983,3.885174555090675,1.1578794409095763,9.102707990647406,4
14.157189465852625,1.3801767242949436,0.5706097466388297,11.167115156468252,0.05861878546427105,59,153,1.0016520499820982,3.6680054353132094,0.9947731758649743,9.970312997699633,6
7.000777340755362,0.6862787348489023,0.03038705969683686,14.976038915197769,0.09126546413911743,26,113,0.9911471993324896,3.3343614981412175,0.3175307965306594,10.923272041531483,8
10.433625938617732,0.6363939395492964,0.9309486955069778,14.030143304481586,0.029487538188397368,44,152,1.0048009365225126,3.346441921796549,0.7324505908358048,8.148589265456907,8
6.102182802906771,0.8264847873959725,0.6895267510315611,9.817195393260278,0.0721661248883084,7,89,0.9940704894530851,3.518772077041005,1.0258073152350973,9.492914162119591,4
10.217945777947136,0.16575235348507705,0.6765133857772465,6.608096772764044,0.09767280499894893,42,116,0.9914787439053362,3.5653652084189043,0.7649415551070464,10.44733765104368,6
6.506729481136536,0.33279671625851115,0.21567515239771717,9.724571788269374,0.07844569645094318,57,71,1.0024397135118863,3.4007109258366714,1.3361758738953757,9.677817910959238,4
7.069361246412647,1.1332470629969187,0.6588854702326572,11.891948462163363,0.06624903209160539,26,163,1.0006001330051655,3.54486122281498,0.6705627304195384,8.818221964805396,6
7.057736220993943,0.21591813509517704,0.3938644056541585,2.2158747683891162,0.14913877444595774,25,58,0.9992582820881685,2.923532494414099,0.6522417509503925,12.368073546777184,8
11.842892719044572,0.9444129532529434,0.6512329770414921,6.44362090059618,0.13324406670084976,10,39,0.992339712955484,3.329622863896844,0.6191972317111896,12.87888593100791,5
12.71440391338881,0.4434887535538493,0.10659303030799072,12.67713314171645,0.0972768341423216,59,155,0.9971774417438394,3.178938076073477,0.6993370427529546,9.544873856862349,3
11.250318885874437,0.6450138596587671,0.657845304603036,6.0655778030291385,0.08971283056551957,45,72,1.001708340403308,3.02917444524311,0.9688859571770245,12.646516967637819,5
14.659552936270877,0.5041712314789798,0.9994137257706666,8.792147932794204,0.09689246717544175,19,139,0.9945543590721576,2.999546512808775,1.1484183531271088,10.313321386407882,3
9.373835215713337,0.5979418030509288,0.04821203886055603,9.022655732501875,0.03818369509514065,11,32,0.9946753474277256,3.503192165614667,1.095081501286542,11.040114745124017,8
8.571408776536746,1.1066642672579436,0.9771741842213173,3.1749056704377705,0.0653192840570046,13,15,0.9900471135907218,3.4236005471526116,1.2692613839777755,13.136006449358916,5
13.817392153705143,0.515970401872445,0.4069079607228706,5.752413903958182,0.015524334604725904,53,78,0.9926136510246807,3.153584116996369,1.36309679459691,12.499722090814448,5
8.012362546675075,0.892966496415656,0.8707534503372591,5.350413686758016,0.07657644524815573,8,101,1.0031310843768275,3.3709500587725145,1.2792948508120214,12.830701107897067,4
14.669002854965502,0.7664705630787395,0.7823854840582735,0.8798522737149395,0.08602344175407284,40,53,0.9966261973745656,3.392232315182408,0.3227344840492255,8.821070999518142,7
6.109390272208347,1.0291396315077073,0.5670162609866678,0.850780576424651,0.04188496305444934,4,75,1.0047635174885163,3.0950089804386156,1.1831015442623865,8.418316555002377,8
14.728909440368751,1.4115616350546611,0.7384492092513265,12.559607133298716,0.14496403860317192,47,192,0.9959356194536069,3.5520930618816506,0.5500794883419979,13.360428374527922,6
6.3884392075551855,1.1256009360943504,0.8785155613013479,4.45952674460578,0.13732364553121387,31,105,1.0007277968217034,3.6809193563860902,0.45951365124957916,10.327005617426567,8
14.02028802328264,0.4009165300270594,0.404140321651033,8.012142110462824,0.1111000529638268,28,64,0.9942287856435709,3.6914635408895187,1.0661865417589627,9.727278068418086,6
10.749309981776697,0.14365638908579853,0.3270331615632387,4.831520817037209,0.08467412802715076,11,7,0.995457144617114,3.502469830703455,0.6836918344892339,12.348177525570947,6
14.936683165073703,0.46716966201975507,0.6675933855635847,14.139849054172437,0.13179568235067587,43,162,0.9928608898138634,3.411638582519014,0.3685405960445319,13.01849357947914,3
6.6641690826185895,0.9331091029803567,0.8078459419412586,4.259803003553719,0.02829132813528481,1,70,0.9952059355274909,2.9610071430053946,0.46515568127803364,13.174937731389806,6
10.984688559611886,0.17199613887795048,0.7622851347766157,6.730023784714558,0.12067137119848388,49,88,0.9982085628063095,3.1878312988516058,0.3011153002439533,9.895982846751364,6
14.72372282057189,0.7949127460817308,0.7978136488586345,13.154588632026726,0.02747491395535876,47,159,1.0048765932146886,2.99327144677817,1.3838683528136488,13.113274347210044,4
10.70788059753134,0.9355799884836449,0.435583314812933,12.708036718481225,0.12118949275691675,52,15,0.9999630256960768,3.8638231608784737,0.3295415806094863,8.245603666246073,5
11.664587743217362,0.5679414471437452,0.8178342161750216,3.198470558771021,0.04860745955518997,38,58,0.9929886893161247,3.0350801462257606,0.5513469234114132,8.297968948758314,8
12.261738200861554,1.1792770852441508,0.12020905537060844,12.138327992037802,0.13279268134254643,24,84,0.9906744216238732,3.051775409851102,0.7995153368254888,11.741115171044926,8
10.09086958290996,0.2492375543872805,0.5444890979608495,7.143709857699443,0.1421658931355557,54,64,0.9918953472197176,3.789576618330492,0.727885591140983,8.378638214693277,6
11.648022720756572,0.20519289443013228,0.0057586604981215705,7.503048645237651,0.030831435716716184,57,155,0.9984383280190956,3.843928283476458,1.3940710522953308,9.94765501106097,7
11.258828807307902,1.1194642586850447,0.3245858299002703,2.4354596000311846,0.07477458470915509,47,184,1.0014774049322515,3.66582903923491,0.3483467348814505,12.036535917481544,8
14.110422094418901,0.7936878426886778,0.3664615348713979,1.6687219494783074,0.1473382329427759,31,53,1.004106288109511,2.90540492367267,0.9146576492124618,10.023601376325358,6
6.409017423073121,1.0637633549988303,0.3961726916092554,11.055119951119595,0.07767704103624051,41,154,0.9902373475799523,2.9013462709565636,1.1165753550292488,9.077598688640576,3
8.528668706330073,0.7087582740452446,0.6954672066898622,7.698686709151846,0.1308966531520363,46,128,0.997841402123428,3.278100769787451,1.4180375684174025,9.68810373112305,3
14.553703356689029,0.4449628465347495,0.38855810127034573,6.834335187920104,0.09242241309838477,50,27,0.9970630103433475,3.0433953700108924,1.0444455025484651,10.745451993502591,3
14.012374055018247,1.2467432447438795,0.44869362262253065,11.077869315459752,0.06254618710874425,26,105,0.9998408253296355,2.918386142151597,1.2645062832141152,10.852315132132894,6
10.100910775071416,1.219182230556571,0.23754413087432746,11.599937035371092,0.050009697773621825,49,103,0.99839368281698,3.3640666894045044,0.40046992541441806,12.698001388083211,4
11.581193380213831,1.0725750591961973,0.3732517916293401,2.8041684312056265,0.038451232752052214,50,163,1.0003055872587372,3.8430618974069715,0.7631274131243129,12.500919376589074,7
8.496430646830195,0.48100319212194775,0.22726962726315147,9.348264667425799,0.1166517467928776,5,30,0.9998712387712377,3.223819574902431,0.7487365613748809,10.740906827336811,6
7.693090437513852,0.9263229336167219,0.07319592376844364,2.46263419302644,0.0641156709552239,20,33,0.9917551758728692,3.5611406784286963,1.3635458597468613,13.074004094592627,4
10.173285644459838,0.6053634557160374,0.6034485933813779,11.394938747421163,0.08157856470810515,52,198,1.0019957687042806,3.5522353531324407,0.48164540551592994,8.685422831548376,4
9.180170052234475,0.2282149026572878,0.6682127985550163,10.025849765873524,0.07892556720016546,41,118,0.9918484886357448,3.1510801036651674,0.4822634068039563,9.532120101373408,8
11.252905006657848,1.3842390056471399,0.6194903460096145,14.37091200571014,0.09081906409263836,11,50,1.000477959378137,3.5504252488238643,0.6942697798629581,12.96785878101351,6
6.699611732684864,0.29154608328654597,0.46349404380057235,1.4998912371681072,0.1311808003874373,56,73,0.996242180514609,3.112333974286891,0.3653592568402051,10.267964231756919,6
14.769553268995498,1.4303322953491233,0.3797857801792298,1.3272934566931875,0.1473035081016801,54,12,0.9977077610186489,3.022007413576889,0.5189496487829881,13.887089352763052,4
14.875896700316426,0.7244080821411379,0.8633336495718252,4.591712583051402,0.06706178920033437,33,54,1.0035494702156356,3.60138328555969,1.4582515662548823,10.797519689167013,4
